I am 132,I am 131,i am 130,i am 129,i am 128,i am 127,i am 126,i am 125,i am 124,i am 123,i am 122,i am 121,i am 120,i am 119,i am 118,i am 117,i am 116,i am 115,i am 114,i am 113,i am 112,i am 111,i am 110,i am 109,i am 108,i am 107,i am 106,i am 105,i am 104,i am 103,i am 102,i am 101,i am 100,i am 99,i am 98,i am 97,i am 96,i am 95,i am 94,i am 93,i am 92,i am 91,i am 90,i am 89,i am 88,i am 87,i am 86,i am 85,i am 84,i am 83,i am 82,i am 81,i am 80,i am 79,i am 78,i am 77,i am 76,i am 75,i am 74,i am 73,i am 72,i am 71,i am 70,i am 69,i am 68,i am 67,i am 66,i am 65,i am 64,i am 63,i am 62,i am 61,i am 60,i am 59,i am 58,i am 57,i am 56,i am 55,i am 54,i am 53,i am 52,i am 51,i am 50,i am 49,i am 48,i am 47,i am 46,i am 45,i am 44,i am 43,i am 42,i am 41,i am 40,i am 39,i am 38,i am 37,i am 36,i am 35,i am 34,i am 33,i am 32
202318,200325,204229,200595,200425,200390,201145,200234,200950,200724,202545,201264,200534,200001,201517,202518,200114,201754,200328,201022,200193,200220,200766,201073,202118,201119,200159,200242,200080,200761,202664,200050,200109,150083,150027,150316,150177,150070,150019,150072,150034,150130,150065,150112,150196,150207,150023,150030,150012,150168,150118,150108,150018,150138,150852,150180,150078,150047,150101,150005,150159,150056,150187,150043,150028,150040,150104,150071,150061,150003,150062,150146,150090,150004,150106,150102,150086,150226,150368,150037,150002,150058,150044,150269,150049,150197,150024,150075,150091,150134,150007,150051,150053,150015,150089,150022,150039,150016,150116,150009,
202608,200992,204647,200649,200922,201884,203412,200620,201351,202235,205414,201640,200851,200914,202064,202577,200331,201998,202497,201197,204005,200902,200908,201335,205461,203274,200501,200364,201670,201979,205245,200195,200288,150166,150057,150326,150236,150355,150020,150087,150111,150131,150110,150375,150288,150318,150264,150158,150042,150245,150311,150161,150069,150155,150981,150211,150422,150115,150160,150079,150182,150209,150319,150133,150076,150096,150172,150279,150195,150008,150274,150328,150406,150060,150124,150156,150412,150267,150426,150292,150011,150127,150109,150365,150068,150526,150073,150199,150371,150359,150152,150433,150088,150048,150266,150117,150092,150105,150128,150095,
202899,201632,204868,203893,201680,201932,203504,201436,201687,203518,206986,203006,201424,201343,202389,204809,200584,204258,203133,201674,210199,201554,201098,201786,205594,203989,201368,200641,202452,202036,209037,200634,200959,150255,150063,150393,150343,150411,150064,150140,150145,150220,150240,150381,150398,150346,150290,150342,150241,150310,150353,150360,150125,150212,150994,150252,150467,150208,150247,150147,150186,150217,150408,150198,150085,150215,150427,150373,150430,150169,150357,150395,150456,150188,150150,150291,150478,150367,150527,150314,150021,150132,150119,150417,150218,150651,150126,150270,150387,150459,150688,150547,150171,150153,150276,150720,150271,150137,150176,150300,
203067,202583,205174,204249,201885,202349,204817,202038,204475,204118,207414,203808,201747,207643,202992,208080,201224,204458,203321,201770,210390,202523,205031,202865,205766,204009,201569,201823,202960,203629,209384,200877,202730,150330,150163,150495,150414,150493,150067,150185,150154,150260,150250,150559,150401,150369,150323,150380,150399,150340,150523,150378,150184,150486,151382,150313,150485,150305,150385,150356,150193,150248,150587,150213,150093,150296,150471,150510,150464,150173,150528,150475,150494,150225,150202,150455,150491,150484,150749,150376,150045,150139,150123,150511,150243,150683,150458,150339,150489,150656,150791,150703,150219,150249,150674,150942,150634,150178,150194,150312,
206384,202889,205198,204733,203266,202379,205251,202722,205342,204211,209627,205606,204755,208278,203782,208768,201834,204741,203934,204090,210639,203961,206959,204769,206587,209319,201691,204019,203268,203659,209388,201050,208175,150388,150256,150504,150444,150500,150461,150222,150350,150282,150374,150709,150487,150416,150327,150658,150514,150608,150571,150513,150529,150677,151515,150379,150597,150363,150421,150516,150229,150262,150774,150231,150764,150386,150624,150660,150626,150324,150637,150586,150612,150358,150251,150522,150517,150488,150888,150404,150234,150450,150206,150682,150304,150696,150520,150557,150588,150930,150804,150707,150223,150254,150857,151097,151026,150479,150278,150435,
207266,204959,206368,204825,204122,203312,205542,204196,206728,204488,210414,205847,205750,209026,204329,209691,202541,207043,203953,205828,212694,209181,208065,205214,208204,212817,203153,204667,203990,204525,211286,202459,208221,150438,150258,150530,150492,150625,150477,150233,150410,150671,150507,150844,150525,150423,150620,150678,150592,150662,150659,150880,150533,150685,151545,150405,150609,150506,150599,150532,150263,150307,150780,150246,150796,150436,150715,150755,150754,150403,150881,150589,150680,150498,150301,150568,150800,150676,151075,150562,150275,150524,150582,150708,150306,150806,150570,150575,150605,150934,150922,150716,150295,150389,151319,151154,151150,150698,150469,150563,
207350,205256,207130,205150,204624,203577,206999,204726,208849,204677,210901,207358,208141,211144,204339,210125,202807,208136,204227,205936,213573,209501,208148,207653,209715,212918,203343,207744,206048,204859,211777,202500,210515,150724,150272,150564,150603,150628,150483,150548,150466,150740,150611,151098,150719,150519,150758,150723,150767,150816,150679,150907,150657,150704,151554,150415,150644,150776,150635,150643,150289,150315,150845,150298,150807,150535,150761,150871,150785,150590,151134,150604,150693,150574,150490,150722,150819,150717,151460,150654,150309,150988,150666,150837,150418,150891,150591,150668,150903,150957,151047,150746,150303,150420,151368,151192,151235,150874,150503,150600,
207766,205946,208317,206271,208192,204295,207101,205312,209210,205076,211967,209215,208263,211570,205698,210491,203345,208791,204306,206061,214313,209561,209280,208599,210067,213472,204895,210505,209420,208778,213249,202841,210649,150745,150334,150602,150646,150640,150619,150573,150655,151000,150645,151123,150736,150585,150822,150741,150862,150846,150802,151010,151048,150718,151555,150497,150684,150904,150652,150730,150441,150317,150863,150711,150885,150594,150782,150990,150829,150735,151205,150632,150750,150772,150549,150824,150840,150787,151513,150828,150320,151032,150854,150946,150560,150915,150690,150697,150924,151063,151387,150769,150332,150518,151619,151269,151249,151193,150565,150790,
210173,206123,208411,206759,211202,204742,207860,205916,209437,205538,214326,209838,208844,212617,206995,211180,204719,210124,204361,206434,214473,209721,209737,208724,211027,214440,206719,210586,213296,210479,213792,203116,211021,150870,150347,150649,150817,150661,150813,150607,150692,151086,150691,151190,150756,150601,151114,150751,150865,150877,151261,151172,151232,150803,151627,150515,150759,150911,150669,150950,150468,150362,151057,150848,151018,150653,150814,151041,150963,150757,151311,150689,150860,150812,150550,151001,150920,150834,151819,150856,150521,151067,150931,150973,150561,150943,150701,150778,150998,151240,151435,150784,150392,150705,151837,151476,151341,151325,150567,151234,
210627,206134,209538,208001,212462,205575,209323,206212,210601,205829,214857,209995,211254,213639,207033,211308,205474,210406,206257,206554,215387,210098,209932,208926,211877,216883,208327,210646,213602,213511,216796,204874,211848,150919,150354,150713,151017,150726,150933,150744,150737,151224,150728,151219,150786,150850,151363,150808,150886,151107,151317,151174,151369,150912,151720,150775,150898,150929,150738,151103,150531,150394,151095,151061,151071,150858,151051,151043,150965,150947,151324,150706,150964,150867,150572,151180,150954,150892,152005,150897,150555,151079,151006,151080,150623,151037,150789,150949,151042,151271,151520,150838,150453,150894,152162,151523,151342,151439,150647,151309,
210982,208690,211863,208380,212946,205668,210771,207320,210893,205880,215428,211224,213826,215808,209106,211635,206767,210667,207447,206586,216504,210528,210166,209656,211976,217114,208519,211707,215409,213929,218098,206238,211932,150966,150593,150752,151099,150742,151225,150953,150748,151274,150853,151268,150788,150887,151432,151016,150989,151201,151349,151804,151400,151091,151881,150815,151065,150979,150869,151297,150544,150470,151250,151126,151300,151093,151334,151129,151252,150974,151343,150777,151186,150875,150830,151197,151287,151092,152055,150913,150576,151175,151148,151089,150664,151046,150798,151290,151054,151367,151591,150896,150509,151105,152184,151725,151370,151572,150695,151565,
211174,208770,212303,208511,213199,206530,210945,207773,211530,208529,217525,213256,215019,216567,210119,212649,206904,211149,207731,209682,216825,210740,211475,211699,212085,217203,214385,212499,215848,213959,220717,209021,212065,150970,150731,150779,151556,150872,151227,151207,150923,151352,150861,151478,150794,150906,151754,151171,151187,151254,151580,151914,151429,151360,151910,151020,151072,151182,150879,151374,150569,150474,151401,151173,151377,151198,151373,151196,151296,150978,151347,150895,151327,150939,150938,151335,151383,151127,152260,151034,150681,151230,151390,151204,150673,151164,150818,151608,151121,151488,151699,150960,150721,151226,152193,151755,151471,151945,150821,151709,
214430,208796,212358,208891,214157,207169,212027,208805,211944,208561,220071,214889,215301,216736,210440,212746,207445,211178,208321,209780,217934,211771,211772,211789,212752,217561,215248,213556,218014,216075,221580,210642,212179,150987,150859,150864,151697,151002,151414,151265,150971,151485,150995,151544,150902,151082,151972,151184,151421,151255,151717,152121,151585,151408,151920,151381,151076,151340,150976,151422,150725,150558,151566,151362,151438,151221,151379,151212,151312,151009,151356,150992,151690,151030,151050,151470,151671,151200,152279,151241,150811,151267,151464,151243,150686,151262,150825,151688,151426,151701,152021,151033,150955,151336,152244,151870,151535,151954,150832,151767,
214659,209695,212641,210088,214907,207329,212200,209162,215442,209043,222845,215056,215580,218483,210454,214965,207768,212293,209734,210745,221957,211790,212429,212295,214248,220334,215308,213603,218328,216319,222047,211468,214405,151188,150866,150925,151794,151044,151489,151291,151191,151498,151011,151661,150944,151117,152003,151294,151530,151563,151722,152131,151660,151481,152069,151430,151132,151437,151038,151490,150773,150596,151651,151404,151806,151316,151395,151304,151391,151433,151527,151031,151711,151039,151069,151473,151678,151539,152291,151251,150901,151415,151531,151486,150727,151420,151058,151700,151480,151893,152070,151106,150977,151644,152431,151993,151564,152161,150900,151779,
215399,209863,213352,210346,215825,208208,213751,209463,216396,209308,224159,216975,219321,219202,212652,215278,208426,214001,210394,211199,222252,211951,213287,213734,214270,220787,216257,214192,219620,217633,222466,211966,217839,151189,150882,150996,151854,151064,151641,151293,151714,151500,151170,151676,150951,151209,152095,151496,151924,151694,151987,152133,151823,151568,152262,151444,151248,151446,151060,151579,150884,150876,151786,151552,151814,151372,151474,151355,151427,151624,151546,151062,151811,151119,151102,151477,152081,151782,152300,151509,151029,151455,151588,151758,150732,151447,151217,151763,151528,152154,152203,151160,151096,151677,152445,152074,151573,152259,150910,152107,
218694,211179,213713,210756,217645,210614,214055,212415,216430,211260,224573,219273,219539,220218,213390,216239,210006,214640,212800,212779,223451,212501,215159,213774,215079,220988,217696,215983,221282,217983,224147,213877,218835,151285,150883,151019,152012,151149,151653,151442,151805,151502,151176,151762,151122,151318,152331,151719,151961,151729,152082,152211,151867,151710,152357,151606,151273,151449,151493,151818,150935,150952,151820,152004,151948,151508,151479,151388,151557,151648,151570,151142,151940,151218,151139,151616,152250,151821,152352,151737,151111,151483,151623,151769,150795,151636,151351,151826,151764,152282,152312,151216,151125,151721,152549,152263,151665,152283,151077,152165,
218898,211691,213714,211241,218442,210923,214280,216361,218077,213244,225163,219388,221354,221250,213763,217012,210621,214759,212843,213156,224500,212619,216153,213950,215353,221279,220029,216731,221572,219542,224902,215612,219080,151346,150984,151229,152169,151155,151708,151612,151950,151787,151366,151859,151144,151403,152496,151850,152126,151777,152094,152499,151905,152010,152388,151655,151292,151497,151630,151844,151014,151133,151882,152337,152356,151525,151808,151428,151561,151746,151587,151348,152119,151260,151194,151766,152358,151934,152487,151927,151151,151576,151640,152795,150826,151672,151364,151876,151871,152395,152446,151220,151409,151862,152700,152361,151670,152288,151166,152210,
219087,211779,214536,212220,218506,211166,214622,217494,219525,215108,225401,219566,222614,224242,216542,217932,210719,215331,213019,213729,225380,213229,216279,216237,216168,222459,220879,217138,221613,220357,225839,215623,220192,151424,151073,151303,152190,151215,151822,151643,152044,151979,151468,152027,151394,151647,152672,151901,152354,151856,152173,152562,152137,152017,152722,151748,151305,151679,151656,152157,151024,151162,151888,152393,152677,151583,151833,151668,151611,151802,151693,151398,152130,151380,151358,151810,152404,151996,152492,152016,151152,151607,151895,152923,150945,151813,151399,151906,151992,152465,152467,151263,151410,151897,152712,152375,151801,152473,151270,152249,
220022,214785,216773,212906,219207,212581,215230,218695,220421,219084,225797,219777,223003,226891,219229,218060,212304,217040,213547,214373,225418,214107,216597,216529,216732,226731,222144,222165,221852,220363,226227,215658,220290,151465,151112,151524,152192,151320,151845,151736,152264,152041,151517,152051,151436,151685,152705,151936,152542,151863,152274,152588,152166,152029,152753,151775,151469,151734,151744,152306,151027,151168,151889,152454,152849,151601,151981,151752,151632,151807,151803,151512,152281,151922,151413,151829,152437,152034,152825,152140,151233,151652,151925,153152,150975,151848,151445,152028,152076,152490,152488,151321,151456,152113,152725,152407,151841,152797,151307,152271,
222271,215650,217270,213072,219277,213584,215989,220525,220435,219535,226334,220054,223443,227667,219619,218428,214404,220929,217259,214917,226032,214362,216730,216956,217229,228198,222903,222261,222328,220884,227906,215735,220354,151558,151157,151684,152348,151386,151928,151771,152572,152063,151598,152104,151441,151706,152799,151937,152552,151944,152276,152878,152257,152671,152828,151955,151574,151890,151765,152386,151049,151183,152054,152546,152887,151603,152071,151860,151645,151832,152031,151582,152402,152045,151730,151966,152472,152148,152851,152179,151299,151753,151938,153292,151228,151852,151682,152084,152111,152494,152531,151376,151518,152164,152972,152501,151857,153000,151392,152367,
222321,216943,218853,216338,221645,215922,216323,221526,222045,220374,227064,220505,224699,228468,221575,218468,214784,221166,217352,215796,226351,214991,216948,218666,217624,229266,225206,222448,222474,221704,228853,217174,222629,151650,151199,151713,152391,151396,151932,151864,152655,152064,151609,152208,151663,151778,152995,151974,152745,151968,152277,153100,152399,152711,152903,151976,151581,152033,151834,152471,151130,151338,152124,152649,152941,151726,152290,151935,151739,151899,152047,151731,152422,152125,151732,152434,152581,152230,153005,152256,151385,151759,151942,153298,151389,152035,151689,152115,152116,152748,152670,151393,151559,152205,153033,152718,151903,153011,151416,152551,
